counter_name,start_packet,stop_packet,read_packet,output_buffer
SerializedAtomicRatio,768,256,44800,5640
WriteSize,1024,256,18944,2056
WRITE_SIZE,1024,256,18944,2056
WRITE_REQ_32B,1024,256,18944,2056
VmemLatency,256,256,6656,776
ValuPipeIssueUtil,256,256,3072,328
VWriteInsts,512,256,26624,3336
VFetchInsts,512,256,26624,3336
SIMD_UTILIZATION,256,256,3072,328
VALUUtilization,256,256,4608,520
VALUBusy,256,256,3072,328
RDC_OPS_64_PER_SIMDCYCLE,512,256,11264,1352
RDC_OPS_32_PER_SIMDCYCLE,512,256,13056,1608
RDC_OPS_16_PER_SIMDCYCLE,512,256,13056,1608
TOTAL_64_OPS,512,256,10496,1288
TOTAL_32_OPS,512,256,12544,1544
TOTAL_16_OPS,512,256,12544,1544
TD_TD_BUSY_sum,512,256,22784,2824
TD_TD_BUSY,512,256,22784,2824
TD_TC_STALL_sum,512,256,22784,2824
TD_TC_STALL,512,256,22784,2824
TD_STORE_WAVEFRONT_sum,512,256,22784,2824
TD_STORE_WAVEFRONT,512,256,22784,2824
TD_SPI_STALL_sum,512,256,22784,2824
TD_SPI_STALL,512,256,22784,2824
TD_LOAD_WAVEFRONT_sum,512,256,22784,2824
TD_LOAD_WAVEFRONT,512,256,22784,2824
TD_COALESCABLE_WAVEFRONT_sum,512,256,22784,2824
TD_COALESCABLE_WAVEFRONT,512,256,22784,2824
TD_ATOMIC_WAVEFRONT_sum,512,256,22784,2824
TD_ATOMIC_WAVEFRONT,512,256,22784,2824
TCP_WRITE_TAGCONFLICT_STALL_CYCLES_sum,512,256,22784,2824
TCP_WRITE_TAGCONFLICT_STALL_CYCLES,512,256,22784,2824
TCP_VOLATILE_sum,512,256,22784,2824
TCP_VOLATILE,512,256,22784,2824
TCP_UTCL1_TRANSLATION_MISS_sum,512,256,22784,2824
TCP_UTCL1_TRANSLATION_MISS,512,256,22784,2824
TCP_UTCL1_TRANSLATION_HIT_sum,512,256,22784,2824
TCP_UTCL1_TRANSLATION_HIT,512,256,22784,2824
TCP_UTCL1_REQUEST_sum,512,256,22784,2824
TCP_UTCL1_REQUEST,512,256,22784,2824
TCP_UTCL1_PERMISSION_MISS_sum,512,256,22784,2824
TCP_UTCL1_PERMISSION_MISS,512,256,22784,2824
TCP_TOTAL_WRITE_sum,512,256,22784,2824
TCP_TOTAL_WRITEBACK_INVALIDATES_sum,512,256,22784,2824
TCP_TOTAL_WRITEBACK_INVALIDATES,512,256,22784,2824
TCP_TOTAL_WRITE,512,256,22784,2824
TCP_TOTAL_READ_sum,512,256,22784,2824
TCP_TOTAL_READ,512,256,22784,2824
TCP_TOTAL_CACHE_ACCESSES_sum,512,256,22784,2824
TCP_TOTAL_CACHE_ACCESSES,512,256,22784,2824
TCP_TOTAL_ATOMIC_WITH_RET_sum,512,256,22784,2824
TCP_TOTAL_ATOMIC_WITH_RET,512,256,22784,2824
TCP_TOTAL_ATOMIC_WITHOUT_RET_sum,512,256,22784,2824
TCP_TOTAL_ATOMIC_WITHOUT_RET,512,256,22784,2824
TCP_TOTAL_ACCESSES_sum,512,256,22784,2824
TCP_TOTAL_ACCESSES,512,256,22784,2824
TCP_TD_TCP_STALL_CYCLES_sum,512,256,22784,2824
TCP_TD_TCP_STALL_CYCLES,512,256,22784,2824
TCP_TCR_TCP_STALL_CYCLES_sum,512,256,22784,2824
TCP_TCR_TCP_STALL_CYCLES,512,256,22784,2824
TCP_TCP_TA_DATA_STALL_CYCLES_sum,512,256,22784,2824
TCP_TCP_TA_DATA_STALL_CYCLES_max,512,256,22784,2824
TCP_TCP_TA_DATA_STALL_CYCLES,512,256,22784,2824
TCP_TCC_WRITE_REQ_sum,512,256,22784,2824
TCP_TCC_WRITE_REQ,512,256,22784,2824
TCP_TCC_UC_WRITE_REQ_sum,512,256,22784,2824
TCP_TCC_UC_WRITE_REQ,512,256,22784,2824
TCP_TCC_UC_READ_REQ_sum,512,256,22784,2824
TCP_TCC_UC_READ_REQ,512,256,22784,2824
TCP_TCC_UC_ATOMIC_REQ_sum,512,256,22784,2824
TCP_TCC_UC_ATOMIC_REQ,512,256,22784,2824
TCP_TCC_RW_WRITE_REQ_sum,512,256,22784,2824
TCP_TCC_RW_WRITE_REQ,512,256,22784,2824
TCP_TCC_RW_READ_REQ_sum,512,256,22784,2824
TCP_TCC_RW_READ_REQ,512,256,22784,2824
TCP_TCC_RW_ATOMIC_REQ_sum,512,256,22784,2824
TCP_TCC_RW_ATOMIC_REQ,512,256,22784,2824
TCP_TCC_READ_REQ_sum,512,256,22784,2824
TCP_TCC_READ_REQ,512,256,22784,2824
TCP_TCC_NC_WRITE_REQ_sum,512,256,22784,2824
TCP_TCC_NC_WRITE_REQ,512,256,22784,2824
TCP_TCC_NC_READ_REQ_sum,512,256,22784,2824
TCP_TCC_NC_READ_REQ,512,256,22784,2824
TCP_TCC_NC_ATOMIC_REQ_sum,512,256,22784,2824
TCP_TCC_NC_ATOMIC_REQ,512,256,22784,2824
TCP_TCC_CC_WRITE_REQ_sum,512,256,22784,2824
TCP_TCC_CC_WRITE_REQ,512,256,22784,2824
TCP_TCC_CC_READ_REQ_sum,512,256,22784,2824
TCP_TCC_CC_READ_REQ,512,256,22784,2824
TCP_TCC_CC_ATOMIC_REQ_sum,512,256,22784,2824
TCP_TCC_CC_ATOMIC_REQ,512,256,22784,2824
TCP_TCC_ATOMIC_WITH_RET_REQ_sum,512,256,22784,2824
TCP_TCC_ATOMIC_WITH_RET_REQ,512,256,22784,2824
TCP_TCC_ATOMIC_WITHOUT_RET_REQ_sum,512,256,22784,2824
TCP_TCC_ATOMIC_WITHOUT_RET_REQ,512,256,22784,2824
TCP_TA_TCP_STATE_READ_sum,512,256,22784,2824
TCP_TA_TCP_STATE_READ,512,256,22784,2824
TCP_READ_TAGCONFLICT_STALL_CYCLES_sum,512,256,22784,2824
TCP_READ_TAGCONFLICT_STALL_CYCLES,512,256,22784,2824
TCP_PENDING_STALL_CYCLES_sum,512,256,22784,2824
TCP_PENDING_STALL_CYCLES,512,256,22784,2824
TCP_GATE_EN2_sum,512,256,22784,2824
TCP_GATE_EN2,512,256,22784,2824
TCP_GATE_EN1_sum,512,256,22784,2824
TCP_GATE_EN1,512,256,22784,2824
TCP_ATOMIC_TAGCONFLICT_STALL_CYCLES_sum,512,256,22784,2824
TCP_ATOMIC_TAGCONFLICT_STALL_CYCLES,512,256,22784,2824
TCC_BUBBLE_sum,512,256,9728,1032
TCC_BUBBLE,512,256,9728,1032
TCC_WRREQ_STALL_max,512,256,9728,1032
TCC_WRITE_sum,512,256,9728,1032
TCC_WRITEBACK_sum,512,256,9728,1032
TCC_WRITEBACK,512,256,9728,1032
TCC_WRITE,512,256,9728,1032
TCC_UC_REQ_sum,512,256,9728,1032
TCC_UC_REQ,512,256,9728,1032
TCC_TOO_MANY_EA_WRREQS_STALL_sum,512,256,9728,1032
TCC_TOO_MANY_EA_WRREQS_STALL,512,256,9728,1032
TCC_TAG_STALL_sum,512,256,9728,1032
TCC_TAG_STALL,512,256,9728,1032
TCC_STREAMING_REQ_sum,512,256,9728,1032
TCC_STREAMING_REQ,512,256,9728,1032
TCC_RW_REQ_sum,512,256,9728,1032
TCC_RW_REQ,512,256,9728,1032
TCC_REQ_sum,512,256,9728,1032
TCC_REQ,512,256,9728,1032
TCC_READ_sum,512,256,9728,1032
TCC_READ,512,256,9728,1032
TCC_PROBE_sum,512,256,9728,1032
TCC_PROBE_EVICT,512,256,9728,1032
TCC_PROBE_ALL_sum,512,256,9728,1032
TCC_PROBE_ALL,512,256,9728,1032
TCC_PROBE,512,256,9728,1032
TCC_NORMAL_WRITEBACK_sum,512,256,9728,1032
TCC_NORMAL_WRITEBACK,512,256,9728,1032
TCC_NORMAL_EVICT_sum,512,256,9728,1032
TCC_NORMAL_EVICT,512,256,9728,1032
TCC_NC_REQ_sum,512,256,9728,1032
TCC_NC_REQ,512,256,9728,1032
TCC_MISS_sum,512,256,9728,1032
TCC_MISS,512,256,9728,1032
TCC_INTERNAL_PROBE,512,256,9728,1032
TCC_HIT_sum,512,256,9728,1032
TCC_HIT,512,256,9728,1032
TCC_EA0_WR_UNCACHED_32B_sum,512,256,9728,1032
TCC_EA0_WR_UNCACHED_32B,512,256,9728,1032
TCC_EA0_WRREQ_sum,512,256,9728,1032
TCC_EA0_WRREQ_STALL_sum,512,256,9728,1032
TCC_EA0_WRREQ_STALL,512,256,9728,1032
TCC_EA0_WRREQ_PROBE_COMMAND,512,256,9728,1032
TCC_EA0_WRREQ_LEVEL_sum,512,256,9728,1032
TCC_EA0_WRREQ_LEVEL,512,256,9728,1032
TCC_EA0_WRREQ_IO_CREDIT_STALL_sum,512,256,9728,1032
TCC_EA0_WRREQ_IO_CREDIT_STALL,512,256,9728,1032
TCC_EA0_WRREQ_GMI_CREDIT_STALL_sum,512,256,9728,1032
TCC_EA0_WRREQ_GMI_CREDIT_STALL,512,256,9728,1032
TCC_EA0_WRREQ_DRAM_sum,512,256,9728,1032
TCC_EA0_WRREQ_DRAM_CREDIT_STALL_sum,512,256,9728,1032
TCC_EA0_WRREQ_DRAM_CREDIT_STALL,512,256,9728,1032
TCC_EA0_WRREQ_DRAM,512,256,9728,1032
TCC_EA0_WRREQ_64B_sum,512,256,9728,1032
TCC_EA0_WRREQ_64B,512,256,9728,1032
TCC_EA0_WRREQ,512,256,9728,1032
TCC_EA0_RD_UNCACHED_32B_sum,512,256,9728,1032
TCC_EA0_RD_UNCACHED_32B,512,256,9728,1032
TCC_EA0_RDREQ_sum,512,256,9728,1032
TCC_EA0_RDREQ_LEVEL_sum,512,256,9728,1032
TCC_EA0_RDREQ_LEVEL,512,256,9728,1032
TCC_EA0_RDREQ_IO_CREDIT_STALL_sum,512,256,9728,1032
TCC_EA0_RDREQ_IO_CREDIT_STALL,512,256,9728,1032
TCC_EA0_RDREQ_GMI_CREDIT_STALL_sum,512,256,9728,1032
TCC_EA0_RDREQ_GMI_CREDIT_STALL,512,256,9728,1032
TCC_EA0_RDREQ_DRAM_sum,512,256,9728,1032
TCC_EA0_RDREQ_DRAM_CREDIT_STALL_sum,512,256,9728,1032
TCC_EA0_RDREQ_DRAM_CREDIT_STALL,512,256,9728,1032
TCC_EA0_RDREQ_DRAM,512,256,9728,1032
TCC_EA0_RDREQ_32B_sum,512,256,9728,1032
TCC_EA0_RDREQ_32B,512,256,9728,1032
TCC_EA0_RDREQ,512,256,9728,1032
TCC_EA0_ATOMIC_sum,512,256,9728,1032
TCC_EA0_ATOMIC_LEVEL_sum,512,256,9728,1032
TCC_EA0_ATOMIC_LEVEL,512,256,9728,1032
TCC_EA0_ATOMIC,512,256,9728,1032
TCC_CYCLE_sum,512,256,9728,1032
TCC_CYCLE,512,256,9728,1032
TCC_CC_REQ_sum,512,256,9728,1032
TCC_CC_REQ,512,256,9728,1032
TCC_BUSY_sum,512,256,9728,1032
TCC_BUSY_avr,512,256,9728,1032
TCC_BUSY,512,256,9728,1032
TCC_ATOMIC_sum,512,256,9728,1032
TCC_ATOMIC,512,256,9728,1032
TCC_ALL_TC_OP_WB_WRITEBACK_sum,512,256,9728,1032
TCC_ALL_TC_OP_WB_WRITEBACK,512,256,9728,1032
TCC_ALL_TC_OP_INV_EVICT_sum,512,256,9728,1032
TCC_ALL_TC_OP_INV_EVICT,512,256,9728,1032
TCA_CYCLE_sum,1024,256,18944,2056
TCA_CYCLE,1024,256,18944,2056
TCA_BUSY_sum,1024,256,18944,2056
TCA_BUSY,1024,256,18944,2056
TA_TOTAL_WAVEFRONTS_sum,512,256,22784,2824
TA_TOTAL_WAVEFRONTS,512,256,22784,2824
TA_TA_BUSY_sum,512,256,22784,2824
TA_TA_BUSY,512,256,22784,2824
TA_FLAT_WRITE_WAVEFRONTS_sum,512,256,22784,2824
TA_FLAT_WRITE_WAVEFRONTS,512,256,22784,2824
TA_FLAT_WAVEFRONTS_sum,512,256,22784,2824
TA_FLAT_WAVEFRONTS,512,256,22784,2824
TA_FLAT_READ_WAVEFRONTS_sum,512,256,22784,2824
TA_FLAT_READ_WAVEFRONTS,512,256,22784,2824
TA_FLAT_ATOMIC_WAVEFRONTS_sum,512,256,22784,2824
TA_FLAT_ATOMIC_WAVEFRONTS,512,256,22784,2824
TA_DATA_STALLED_BY_TC_CYCLES_sum,512,256,22784,2824
TA_DATA_STALLED_BY_TC_CYCLES,512,256,22784,2824
TA_BUSY_min,512,256,22784,2824
TA_BUSY_max,512,256,22784,2824
TA_BUSY_avr,512,256,22784,2824
TA_BUFFER_WRITE_WAVEFRONTS_sum,512,256,22784,2824
TA_BUFFER_WRITE_WAVEFRONTS,512,256,22784,2824
TA_BUFFER_WAVEFRONTS_sum,512,256,22784,2824
TA_BUFFER_WAVEFRONTS,512,256,22784,2824
TA_BUFFER_TOTAL_CYCLES_sum,512,256,22784,2824
TA_BUFFER_TOTAL_CYCLES,512,256,22784,2824
TA_BUFFER_READ_WAVEFRONTS_sum,512,256,22784,2824
TA_BUFFER_READ_WAVEFRONTS,512,256,22784,2824
TA_BUFFER_COALESCED_WRITE_CYCLES_sum,512,256,22784,2824
TA_BUFFER_COALESCED_WRITE_CYCLES,512,256,22784,2824
TA_BUFFER_COALESCED_READ_CYCLES_sum,512,256,22784,2824
TA_BUFFER_COALESCED_READ_CYCLES,512,256,22784,2824
TA_BUFFER_ATOMIC_WAVEFRONTS_sum,512,256,22784,2824
TA_BUFFER_ATOMIC_WAVEFRONTS,512,256,22784,2824
TA_ADDR_STALLED_BY_TD_CYCLES_sum,512,256,22784,2824
TA_ADDR_STALLED_BY_TD_CYCLES,512,256,22784,2824
TA_ADDR_STALLED_BY_TC_CYCLES_sum,512,256,22784,2824
TA_ADDR_STALLED_BY_TC_CYCLES,512,256,22784,2824
SmemLatency,256,256,6656,776
SQ_WAVE_CYCLES,256,256,2560,264
SQ_WAVES_sum,256,256,2560,264
SQ_WAVES_SAVED,256,256,2560,264
SQ_WAVES_RESTORED,256,256,2560,264
SQ_WAVES_LT_64,256,256,2560,264
SQ_WAVES_LT_48,256,256,2560,264
SQ_WAVES_LT_32,256,256,2560,264
SQ_WAVES_LT_16,256,256,2560,264
SQ_WAVES_EQ_64,256,256,2560,264
SQ_WAVES,256,256,2560,264
SQ_WAIT_INST_LDS,256,256,2560,264
SQ_WAIT_INST_ANY,256,256,2560,264
SQ_WAIT_ANY,256,256,2560,264
SQ_VALU_MFMA_BUSY_CYCLES,256,256,2560,264
SQ_THREAD_CYCLES_VALU,256,256,2560,264
SQ_LEVEL_WAVES,256,256,2560,264
SQ_LDS_UNALIGNED_STALL,256,256,2560,264
SQ_LDS_MEM_VIOLATIONS,256,256,2560,264
SQ_LDS_IDX_ACTIVE,256,256,2560,264
SQ_LDS_BANK_CONFLICT,256,256,2560,264
SQ_LDS_ATOMIC_RETURN,256,256,2560,264
SQ_LDS_ADDR_CONFLICT,256,256,2560,264
SQ_ITEMS,256,256,2560,264
SQ_INST_LEVEL_VMEM,256,256,2560,264
SQ_INST_LEVEL_SMEM,256,256,2560,264
SQ_INST_LEVEL_LDS,256,256,2560,264
SQ_INST_CYCLES_VMEM_WR,256,256,2560,264
SQ_INST_CYCLES_VMEM_RD,256,256,2560,264
SQ_INST_CYCLES_SMEM,256,256,2560,264
SQ_INST_CYCLES_SALU,256,256,2560,264
SQ_INSTS_VSKIPPED,256,256,2560,264
SQ_INSTS_VMEM_WR,256,256,2560,264
SQ_INSTS_VMEM_RD,256,256,2560,264
SQ_INSTS_VMEM,256,256,2560,264
SQ_INSTS_VALU_TRANS_F64,256,256,2560,264
SQ_INSTS_VALU_TRANS_F32,256,256,2560,264
SQ_INSTS_VALU_TRANS_F16,256,256,2560,264
SQ_INSTS_VALU_MUL_F64,256,256,2560,264
SQ_INSTS_VALU_MUL_F32,256,256,2560,264
SQ_INSTS_VALU_MUL_F16,256,256,2560,264
SQ_INSTS_VALU_MFMA_MOPS_F8,256,256,2560,264
SQ_INSTS_VALU_MFMA_MOPS_I8,256,256,2560,264
SQ_INSTS_VALU_MFMA_MOPS_F64,256,256,2560,264
SQ_INSTS_VALU_MFMA_MOPS_F32,256,256,2560,264
SQ_INSTS_VALU_MFMA_MOPS_F16,256,256,2560,264
SQ_INSTS_VALU_MFMA_MOPS_BF16,256,256,2560,264
SQ_INSTS_VALU_MFMA_F8,256,256,2560,264
SQ_INSTS_VALU_MFMA_I8,256,256,2560,264
SQ_INSTS_VALU_MFMA_F64,256,256,2560,264
SQ_INSTS_VALU_MFMA_F32,256,256,2560,264
SQ_INSTS_VALU_MFMA_F16,256,256,2560,264
SQ_INSTS_VALU_MFMA_BF16,256,256,2560,264
SQ_INSTS_VALU_INT64,256,256,2560,264
SQ_INSTS_VALU_INT32,256,256,2560,264
SQ_INSTS_VALU_FMA_F64,256,256,2560,264
SQ_INSTS_VALU_FMA_F32,256,256,2560,264
SQ_INSTS_VALU_FMA_F16,256,256,2560,264
SQ_INSTS_VALU_CVT,256,256,2560,264
SQ_INSTS_VALU_ADD_F64,256,256,2560,264
SQ_INSTS_VALU_ADD_F32,256,256,2560,264
SQ_INSTS_VALU_ADD_F16,256,256,2560,264
SQ_INSTS_VALU,256,256,2560,264
SQ_INSTS_SMEM_NORM,256,256,2560,264
SQ_INSTS_SMEM,256,256,2560,264
SQ_INSTS_SENDMSG,256,256,2560,264
SQ_INSTS_SALU,256,256,2560,264
SQ_INSTS_MFMA,256,256,2560,264
SQ_INSTS_LDS,256,256,2560,264
SQ_INSTS_GDS,256,256,2560,264
SQ_INSTS_FLAT,256,256,2560,264
SQ_INSTS_EXP_GDS,256,256,2560,264
SQ_INSTS_BRANCH,256,256,2560,264
SQ_INSTS,256,256,2560,264
SQ_IFETCH_LEVEL,256,256,2560,264
SQ_IFETCH,256,256,2560,264
SQ_CYCLES,256,256,2560,264
SQ_BUSY_CYCLES,256,256,2560,264
SQ_BUSY_CU_CYCLES,256,256,2560,264
SQ_ACTIVE_INST_VMEM,256,256,2560,264
SQ_ACTIVE_INST_VALU,256,256,2560,264
SQ_ACTIVE_INST_SCA,256,256,2560,264
SQ_ACTIVE_INST_MISC,256,256,2560,264
SQ_ACTIVE_INST_LDS,256,256,2560,264
SQ_ACTIVE_INST_FLAT,256,256,2560,264
SQ_ACTIVE_INST_EXP_GDS,256,256,2560,264
SQ_ACTIVE_INST_ANY,256,256,2560,264
SQ_ACCUM_PREV_HIRES,256,256,2560,264
SQ_ACCUM_PREV,256,256,2560,264
SQC_TC_STALL,256,256,2560,264
SQC_TC_REQ,256,256,2560,264
SQC_TC_INST_REQ,256,256,2560,264
SQC_TC_DATA_WRITE_REQ,256,256,2560,264
SQC_TC_DATA_READ_REQ,256,256,2560,264
SQC_TC_DATA_ATOMIC_REQ,256,256,2560,264
SQC_ICACHE_REQ,256,256,2560,264
SQC_ICACHE_MISSES_DUPLICATE,256,256,2560,264
SQC_ICACHE_MISSES,256,256,2560,264
SQC_ICACHE_INPUT_VALID_READYB,256,256,2560,264
SQC_ICACHE_HITS,256,256,2560,264
SQC_ICACHE_BUSY_CYCLES,256,256,2560,264
SQC_DCACHE_REQ_READ_8,256,256,2560,264
SQC_DCACHE_REQ_READ_4,256,256,2560,264
SQC_DCACHE_REQ_READ_2,256,256,2560,264
SQC_DCACHE_REQ_READ_16,256,256,2560,264
SQC_DCACHE_REQ_READ_1,256,256,2560,264
SQC_DCACHE_REQ,256,256,2560,264
SQC_DCACHE_MISSES_DUPLICATE,256,256,2560,264
SQC_DCACHE_MISSES,256,256,2560,264
SQC_DCACHE_INPUT_VALID_READYB,256,256,2560,264
SQC_DCACHE_HITS,256,256,2560,264
SQC_DCACHE_BUSY_CYCLES,256,256,2560,264
SQC_DCACHE_ATOMIC,256,256,2560,264
SPI_VWC_CSC_WR,256,256,2560,264
SPI_SWC_CSC_WR,256,256,2560,264
SPI_RA_WVLIM_STALL_CSN,256,256,2560,264
SPI_RA_WAVE_SIMD_FULL_CSN,256,256,2560,264
SPI_RA_VGPR_SIMD_FULL_CSN,256,256,2560,264
SPI_RA_TMP_STALL_CSN,256,256,2560,264
SPI_RA_TGLIM_CU_FULL_CSN,256,256,2560,264
SPI_RA_SGPR_SIMD_FULL_CSN,256,256,2560,264
SPI_RA_RES_STALL_CSN,256,256,2560,264
SPI_RA_REQ_NO_ALLOC_CSN,256,256,2560,264
SPI_RA_REQ_NO_ALLOC,256,256,2560,264
SPI_RA_LDS_CU_FULL_CSN,256,256,2560,264
SPI_RA_BULKY_CU_FULL_CSN,256,256,2560,264
SPI_RA_BAR_CU_FULL_CSN,256,256,2560,264
SPI_CSN_WINDOW_VALID,256,256,2560,264
SPI_CSN_WAVE,256,256,2560,264
SPI_CSN_NUM_THREADGROUPS,256,256,2560,264
SPI_CSN_BUSY,256,256,2560,264
SE_NUM,256,256,3072,328
SALUBusy,256,256,3072,328
MfmaUtil,256,256,3072,328
MfmaFlopsF64,256,256,2560,264
MfmaFlopsF32,256,256,2560,264
MfmaFlopsF16,256,256,2560,264
MfmaFlopsBF16,256,256,2560,264
MfmaFlops,512,256,8448,1032
MemWrites32B,1024,256,18944,2056
MemUnitStalled,512,256,23296,2888
OccupancyPercent,256,256,3072,328
MeanOccupancyPerCU,256,256,5120,584
MeanOccupancyPerActiveCU,256,256,6656,776
MAX_WAVE_SIZE,256,256,6656,776
LdsLatency,256,256,6656,776
LdsBankConflict,256,256,4608,520
LDSBankConflict,256,256,3072,328
InstrFetchLatency,256,256,6656,776
GRBM_UTCL2_BUSY,256,256,1024,72
GRBM_TC_BUSY,256,256,1024,72
GRBM_TA_BUSY,256,256,1024,72
GRBM_SPI_BUSY,256,256,1024,72
GRBM_GUI_ACTIVE,256,256,1024,72
GRBM_EA_BUSY,256,256,1024,72
GRBM_CP_BUSY,256,256,1024,72
GRBM_CPF_BUSY,256,256,1024,72
GRBM_CPC_BUSY,256,256,1024,72
GRBM_COUNT,256,256,1024,72
GPU_UTIL,256,256,1536,136
FetchSize,1280,256,28160,3080
BANDWIDTH_EA,1792,256,37888,4168
FETCH_SIZE,1280,256,28160,3080
SIMD_NUM,256,256,1024,72
CU_NUM,256,256,1024,72
CPF_CPF_TCIU_STALL,256,256,1024,72
CPF_CPF_TCIU_IDLE,256,256,1024,72
CPF_CPF_TCIU_BUSY,256,256,1024,72
CPF_CPF_STAT_STALL,256,256,1024,72
CPF_CPF_STAT_IDLE,256,256,1024,72
CPF_CPF_STAT_BUSY,256,256,1024,72
CPF_CMP_UTCL1_STALL_ON_TRANSLATION,256,256,1024,72
CPC_UTCL1_STALL_ON_TRANSLATION,256,256,1024,72
CPC_ME1_DC0_SPI_BUSY,256,256,1024,72
CPC_ME1_BUSY_FOR_PACKET_DECODE,256,256,1024,72
CPC_CPC_UTCL2IU_STALL,256,256,1024,72
CPC_CPC_UTCL2IU_IDLE,256,256,1024,72
CPC_CPC_UTCL2IU_BUSY,256,256,1024,72
CPC_CPC_TCIU_IDLE,256,256,1024,72
CPC_CPC_TCIU_BUSY,256,256,1024,72
CPC_CPC_STAT_STALL,256,256,1024,72
CPC_CPC_STAT_IDLE,256,256,1024,72
CPC_CPC_STAT_BUSY,256,256,1024,72
